{
	"credit": "Made with Blockbench",
	"texture_size": [32, 32],
	"textures": {
		"2": "iron_pickaxe"
	},
	"elements": [
		{
			"from": [6, 5, 7],
			"to": [7, 6, 8],
			"faces": {
				"north": {"uv": [6.5, 3.5, 7, 4], "texture": "#2"},
				"east": {"uv": [4, 7.5, 4.5, 8], "texture": "#2"},
				"south": {"uv": [9, 8.5, 9.5, 9], "texture": "#2"},
				"west": {"uv": [9, 9, 9.5, 9.5], "texture": "#2"},
				"up": {"uv": [0.5, 10, 0, 9.5], "texture": "#2"},
				"down": {"uv": [10, 0, 9.5, 0.5], "texture": "#2"}
			}
		},
		{
			"from": [3, 2, 9],
			"to": [4, 3, 10],
			"faces": {
				"north": {"uv": [0.5, 9.5, 1, 10], "texture": "#2"},
				"east": {"uv": [9.5, 0.5, 10, 1], "texture": "#2"},
				"south": {"uv": [1, 9.5, 1.5, 10], "texture": "#2"},
				"west": {"uv": [1.5, 9.5, 2, 10], "texture": "#2"},
				"up": {"uv": [10, 2, 9.5, 1.5], "texture": "#2"},
				"down": {"uv": [10, 2, 9.5, 2.5], "texture": "#2"}
			}
		},
		{
			"from": [9, 8, 9],
			"to": [10, 9, 10],
			"faces": {
				"north": {"uv": [2.5, 9.5, 3, 10], "texture": "#2"},
				"east": {"uv": [3, 9.5, 3.5, 10], "texture": "#2"},
				"south": {"uv": [9.5, 3, 10, 3.5], "texture": "#2"},
				"west": {"uv": [3.5, 9.5, 4, 10], "texture": "#2"},
				"up": {"uv": [10, 4, 9.5, 3.5], "texture": "#2"},
				"down": {"uv": [4.5, 9.5, 4, 10], "texture": "#2"}
			}
		},
		{
			"from": [10, 9, 9],
			"to": [11, 10, 10],
			"faces": {
				"north": {"uv": [9.5, 4, 10, 4.5], "texture": "#2"},
				"east": {"uv": [5, 9.5, 5.5, 10], "texture": "#2"},
				"south": {"uv": [9.5, 5, 10, 5.5], "texture": "#2"},
				"west": {"uv": [5.5, 9.5, 6, 10], "texture": "#2"},
				"up": {"uv": [10, 6, 9.5, 5.5], "texture": "#2"},
				"down": {"uv": [7, 9.5, 6.5, 10], "texture": "#2"}
			}
		},
		{
			"from": [5, 4, 7],
			"to": [6, 5, 8],
			"faces": {
				"north": {"uv": [9.5, 7, 10, 7.5], "texture": "#2"},
				"east": {"uv": [9.5, 7.5, 10, 8], "texture": "#2"},
				"south": {"uv": [9.5, 8, 10, 8.5], "texture": "#2"},
				"west": {"uv": [8.5, 9.5, 9, 10], "texture": "#2"},
				"up": {"uv": [10, 9, 9.5, 8.5], "texture": "#2"},
				"down": {"uv": [9.5, 9.5, 9, 10], "texture": "#2"}
			}
		},
		{
			"from": [5, 4, 9],
			"to": [6, 5, 10],
			"faces": {
				"north": {"uv": [9.5, 9, 10, 9.5], "texture": "#2"},
				"east": {"uv": [9.5, 9.5, 10, 10], "texture": "#2"},
				"south": {"uv": [0, 10, 0.5, 10.5], "texture": "#2"},
				"west": {"uv": [10, 0, 10.5, 0.5], "texture": "#2"},
				"up": {"uv": [1, 10.5, 0.5, 10], "texture": "#2"},
				"down": {"uv": [10.5, 0.5, 10, 1], "texture": "#2"}
			}
		},
		{
			"from": [6, 12, 9],
			"to": [11, 13, 10],
			"faces": {
				"north": {"uv": [3, 0, 5.5, 0.5], "texture": "#2"},
				"east": {"uv": [1, 10, 1.5, 10.5], "texture": "#2"},
				"south": {"uv": [3, 0.5, 5.5, 1], "texture": "#2"},
				"west": {"uv": [10, 1, 10.5, 1.5], "texture": "#2"},
				"up": {"uv": [5.5, 1.5, 3, 1], "texture": "#2"},
				"down": {"uv": [5.5, 1.5, 3, 2], "texture": "#2"}
			}
		},
		{
			"from": [7, 6, 9],
			"to": [8, 7, 10],
			"faces": {
				"north": {"uv": [1.5, 10, 2, 10.5], "texture": "#2"},
				"east": {"uv": [10, 1.5, 10.5, 2], "texture": "#2"},
				"south": {"uv": [2, 10, 2.5, 10.5], "texture": "#2"},
				"west": {"uv": [10, 2, 10.5, 2.5], "texture": "#2"},
				"up": {"uv": [3, 10.5, 2.5, 10], "texture": "#2"},
				"down": {"uv": [10.5, 2.5, 10, 3], "texture": "#2"}
			}
		},
		{
			"from": [10, 11, 9],
			"to": [12, 12, 10],
			"faces": {
				"north": {"uv": [7.5, 2.5, 8.5, 3], "texture": "#2"},
				"east": {"uv": [3, 10, 3.5, 10.5], "texture": "#2"},
				"south": {"uv": [3, 7.5, 4, 8], "texture": "#2"},
				"west": {"uv": [10, 3, 10.5, 3.5], "texture": "#2"},
				"up": {"uv": [8.5, 3.5, 7.5, 3], "texture": "#2"},
				"down": {"uv": [6, 7.5, 5, 8], "texture": "#2"}
			}
		},
		{
			"from": [11, 10, 9],
			"to": [13, 11, 10],
			"faces": {
				"north": {"uv": [6, 7.5, 7, 8], "texture": "#2"},
				"east": {"uv": [3.5, 10, 4, 10.5], "texture": "#2"},
				"south": {"uv": [7, 7.5, 8, 8], "texture": "#2"},
				"west": {"uv": [10, 3.5, 10.5, 4], "texture": "#2"},
				"up": {"uv": [2.5, 8.5, 1.5, 8], "texture": "#2"},
				"down": {"uv": [3.5, 8, 2.5, 8.5], "texture": "#2"}
			}
		},
		{
			"from": [8, 7, 9],
			"to": [9, 8, 10],
			"faces": {
				"north": {"uv": [4, 10, 4.5, 10.5], "texture": "#2"},
				"east": {"uv": [10, 4, 10.5, 4.5], "texture": "#2"},
				"south": {"uv": [4.5, 10, 5, 10.5], "texture": "#2"},
				"west": {"uv": [10, 4.5, 10.5, 5], "texture": "#2"},
				"up": {"uv": [5.5, 10.5, 5, 10], "texture": "#2"},
				"down": {"uv": [10.5, 5, 10, 5.5], "texture": "#2"}
			}
		},
		{
			"from": [4, 3, 9],
			"to": [5, 4, 10],
			"faces": {
				"north": {"uv": [5.5, 10, 6, 10.5], "texture": "#2"},
				"east": {"uv": [10, 5.5, 10.5, 6], "texture": "#2"},
				"south": {"uv": [6, 10, 6.5, 10.5], "texture": "#2"},
				"west": {"uv": [10, 6, 10.5, 6.5], "texture": "#2"},
				"up": {"uv": [7, 10.5, 6.5, 10], "texture": "#2"},
				"down": {"uv": [10.5, 6.5, 10, 7], "texture": "#2"}
			}
		},
		{
			"from": [12, 9, 9],
			"to": [13, 10, 10],
			"faces": {
				"north": {"uv": [7, 10, 7.5, 10.5], "texture": "#2"},
				"east": {"uv": [10, 7, 10.5, 7.5], "texture": "#2"},
				"south": {"uv": [7.5, 10, 8, 10.5], "texture": "#2"},
				"west": {"uv": [10, 7.5, 10.5, 8], "texture": "#2"},
				"up": {"uv": [8.5, 10.5, 8, 10], "texture": "#2"},
				"down": {"uv": [10.5, 8, 10, 8.5], "texture": "#2"}
			}
		},
		{
			"from": [13, 5, 9],
			"to": [14, 10, 10],
			"faces": {
				"north": {"uv": [0, 4, 0.5, 6.5], "texture": "#2"},
				"east": {"uv": [0.5, 4, 1, 6.5], "texture": "#2"},
				"south": {"uv": [1, 4, 1.5, 6.5], "texture": "#2"},
				"west": {"uv": [1.5, 4, 2, 6.5], "texture": "#2"},
				"up": {"uv": [9, 10.5, 8.5, 10], "texture": "#2"},
				"down": {"uv": [10.5, 8.5, 10, 9], "texture": "#2"}
			}
		},
		{
			"from": [6, 5, 9],
			"to": [7, 6, 10],
			"faces": {
				"north": {"uv": [9, 10, 9.5, 10.5], "texture": "#2"},
				"east": {"uv": [10, 9, 10.5, 9.5], "texture": "#2"},
				"south": {"uv": [9.5, 10, 10, 10.5], "texture": "#2"},
				"west": {"uv": [10, 9.5, 10.5, 10], "texture": "#2"},
				"up": {"uv": [10.5, 10.5, 10, 10], "texture": "#2"},
				"down": {"uv": [0.5, 10.5, 0, 11], "texture": "#2"}
			}
		},
		{
			"from": [12, 11, 9],
			"to": [13, 12, 10],
			"faces": {
				"north": {"uv": [10.5, 0, 11, 0.5], "texture": "#2"},
				"east": {"uv": [0.5, 10.5, 1, 11], "texture": "#2"},
				"south": {"uv": [10.5, 0.5, 11, 1], "texture": "#2"},
				"west": {"uv": [1, 10.5, 1.5, 11], "texture": "#2"},
				"up": {"uv": [11, 1.5, 10.5, 1], "texture": "#2"},
				"down": {"uv": [2, 10.5, 1.5, 11], "texture": "#2"}
			}
		},
		{
			"from": [8, 7, 7],
			"to": [9, 8, 8],
			"faces": {
				"north": {"uv": [10.5, 1.5, 11, 2], "texture": "#2"},
				"east": {"uv": [2, 10.5, 2.5, 11], "texture": "#2"},
				"south": {"uv": [10.5, 2, 11, 2.5], "texture": "#2"},
				"west": {"uv": [2.5, 10.5, 3, 11], "texture": "#2"},
				"up": {"uv": [11, 3, 10.5, 2.5], "texture": "#2"},
				"down": {"uv": [3.5, 10.5, 3, 11], "texture": "#2"}
			}
		},
		{
			"from": [9, 8, 7],
			"to": [10, 9, 8],
			"faces": {
				"north": {"uv": [10.5, 3, 11, 3.5], "texture": "#2"},
				"east": {"uv": [3.5, 10.5, 4, 11], "texture": "#2"},
				"south": {"uv": [10.5, 3.5, 11, 4], "texture": "#2"},
				"west": {"uv": [4, 10.5, 4.5, 11], "texture": "#2"},
				"up": {"uv": [11, 4.5, 10.5, 4], "texture": "#2"},
				"down": {"uv": [5, 10.5, 4.5, 11], "texture": "#2"}
			}
		},
		{
			"from": [3, 2, 7],
			"to": [4, 3, 8],
			"faces": {
				"north": {"uv": [10.5, 4.5, 11, 5], "texture": "#2"},
				"east": {"uv": [5, 10.5, 5.5, 11], "texture": "#2"},
				"south": {"uv": [10.5, 5, 11, 5.5], "texture": "#2"},
				"west": {"uv": [5.5, 10.5, 6, 11], "texture": "#2"},
				"up": {"uv": [11, 6, 10.5, 5.5], "texture": "#2"},
				"down": {"uv": [6.5, 10.5, 6, 11], "texture": "#2"}
			}
		},
		{
			"from": [10, 9, 7],
			"to": [11, 10, 8],
			"faces": {
				"north": {"uv": [10.5, 6, 11, 6.5], "texture": "#2"},
				"east": {"uv": [6.5, 10.5, 7, 11], "texture": "#2"},
				"south": {"uv": [10.5, 6.5, 11, 7], "texture": "#2"},
				"west": {"uv": [7, 10.5, 7.5, 11], "texture": "#2"},
				"up": {"uv": [11, 7.5, 10.5, 7], "texture": "#2"},
				"down": {"uv": [8, 10.5, 7.5, 11], "texture": "#2"}
			}
		},
		{
			"from": [12, 9, 7],
			"to": [13, 10, 8],
			"faces": {
				"north": {"uv": [10.5, 7.5, 11, 8], "texture": "#2"},
				"east": {"uv": [8, 10.5, 8.5, 11], "texture": "#2"},
				"south": {"uv": [10.5, 8, 11, 8.5], "texture": "#2"},
				"west": {"uv": [8.5, 10.5, 9, 11], "texture": "#2"},
				"up": {"uv": [11, 9, 10.5, 8.5], "texture": "#2"},
				"down": {"uv": [9.5, 10.5, 9, 11], "texture": "#2"}
			}
		},
		{
			"from": [6, 12, 7],
			"to": [11, 13, 8],
			"faces": {
				"north": {"uv": [3, 2, 5.5, 2.5], "texture": "#2"},
				"east": {"uv": [10.5, 9, 11, 9.5], "texture": "#2"},
				"south": {"uv": [2, 4, 4.5, 4.5], "texture": "#2"},
				"west": {"uv": [9.5, 10.5, 10, 11], "texture": "#2"},
				"up": {"uv": [4.5, 5, 2, 4.5], "texture": "#2"},
				"down": {"uv": [7, 4, 4.5, 4.5], "texture": "#2"}
			}
		},
		{
			"from": [12, 11, 7],
			"to": [13, 12, 8],
			"faces": {
				"north": {"uv": [10.5, 9.5, 11, 10], "texture": "#2"},
				"east": {"uv": [10, 10.5, 10.5, 11], "texture": "#2"},
				"south": {"uv": [10.5, 10, 11, 10.5], "texture": "#2"},
				"west": {"uv": [10.5, 10.5, 11, 11], "texture": "#2"},
				"up": {"uv": [0.5, 11.5, 0, 11], "texture": "#2"},
				"down": {"uv": [11.5, 0, 11, 0.5], "texture": "#2"}
			}
		},
		{
			"from": [11, 10, 7],
			"to": [13, 11, 8],
			"faces": {
				"north": {"uv": [3.5, 8, 4.5, 8.5], "texture": "#2"},
				"east": {"uv": [0.5, 11, 1, 11.5], "texture": "#2"},
				"south": {"uv": [8, 3.5, 9, 4], "texture": "#2"},
				"west": {"uv": [11, 0.5, 11.5, 1], "texture": "#2"},
				"up": {"uv": [9, 4.5, 8, 4], "texture": "#2"},
				"down": {"uv": [9, 4.5, 8, 5], "texture": "#2"}
			}
		},
		{
			"from": [13, 5, 7],
			"to": [14, 10, 8],
			"faces": {
				"north": {"uv": [4.5, 4.5, 5, 7], "texture": "#2"},
				"east": {"uv": [2, 5, 2.5, 7.5], "texture": "#2"},
				"south": {"uv": [2.5, 5, 3, 7.5], "texture": "#2"},
				"west": {"uv": [3, 5, 3.5, 7.5], "texture": "#2"},
				"up": {"uv": [1.5, 11.5, 1, 11], "texture": "#2"},
				"down": {"uv": [11.5, 1, 11, 1.5], "texture": "#2"}
			}
		},
		{
			"from": [10, 11, 7],
			"to": [12, 12, 8],
			"faces": {
				"north": {"uv": [5, 8, 6, 8.5], "texture": "#2"},
				"east": {"uv": [1.5, 11, 2, 11.5], "texture": "#2"},
				"south": {"uv": [8, 5, 9, 5.5], "texture": "#2"},
				"west": {"uv": [11, 1.5, 11.5, 2], "texture": "#2"},
				"up": {"uv": [9, 6, 8, 5.5], "texture": "#2"},
				"down": {"uv": [7, 8, 6, 8.5], "texture": "#2"}
			}
		},
		{
			"from": [7, 6, 7],
			"to": [8, 7, 8],
			"faces": {
				"north": {"uv": [2, 11, 2.5, 11.5], "texture": "#2"},
				"east": {"uv": [11, 2, 11.5, 2.5], "texture": "#2"},
				"south": {"uv": [2.5, 11, 3, 11.5], "texture": "#2"},
				"west": {"uv": [11, 2.5, 11.5, 3], "texture": "#2"},
				"up": {"uv": [3.5, 11.5, 3, 11], "texture": "#2"},
				"down": {"uv": [11.5, 3, 11, 3.5], "texture": "#2"}
			}
		},
		{
			"from": [4, 3, 7],
			"to": [5, 4, 8],
			"faces": {
				"north": {"uv": [3.5, 11, 4, 11.5], "texture": "#2"},
				"east": {"uv": [11, 3.5, 11.5, 4], "texture": "#2"},
				"south": {"uv": [4, 11, 4.5, 11.5], "texture": "#2"},
				"west": {"uv": [11, 4, 11.5, 4.5], "texture": "#2"},
				"up": {"uv": [5, 11.5, 4.5, 11], "texture": "#2"},
				"down": {"uv": [11.5, 4.5, 11, 5], "texture": "#2"}
			}
		},
		{
			"from": [10, 10, 8],
			"to": [11, 11, 9],
			"faces": {
				"north": {"uv": [5, 11, 5.5, 11.5], "texture": "#2"},
				"east": {"uv": [11, 5, 11.5, 5.5], "texture": "#2"},
				"south": {"uv": [5.5, 11, 6, 11.5], "texture": "#2"},
				"west": {"uv": [11, 5.5, 11.5, 6], "texture": "#2"},
				"up": {"uv": [6.5, 11.5, 6, 11], "texture": "#2"},
				"down": {"uv": [11.5, 6, 11, 6.5], "texture": "#2"}
			}
		},
		{
			"from": [3, 2, 8],
			"to": [5, 4, 9],
			"faces": {
				"north": {"uv": [5, 4.5, 6, 5.5], "texture": "#2"},
				"east": {"uv": [8, 6, 8.5, 7], "texture": "#2"},
				"south": {"uv": [5.5, 0, 6.5, 1], "texture": "#2"},
				"west": {"uv": [7, 8, 7.5, 9], "texture": "#2"},
				"up": {"uv": [9, 7.5, 8, 7], "texture": "#2"},
				"down": {"uv": [8.5, 8, 7.5, 8.5], "texture": "#2"}
			}
		},
		{
			"from": [5, 4, 8],
			"to": [7, 6, 9],
			"faces": {
				"north": {"uv": [5.5, 1, 6.5, 2], "texture": "#2"},
				"east": {"uv": [0, 8.5, 0.5, 9.5], "texture": "#2"},
				"south": {"uv": [5, 5.5, 6, 6.5], "texture": "#2"},
				"west": {"uv": [8.5, 0, 9, 1], "texture": "#2"},
				"up": {"uv": [9, 8, 8, 7.5], "texture": "#2"},
				"down": {"uv": [2.5, 8.5, 1.5, 9], "texture": "#2"}
			}
		},
		{
			"from": [2, 1, 8],
			"to": [4, 3, 9],
			"faces": {
				"north": {"uv": [6, 4.5, 7, 5.5], "texture": "#2"},
				"east": {"uv": [0.5, 8.5, 1, 9.5], "texture": "#2"},
				"south": {"uv": [6, 5.5, 7, 6.5], "texture": "#2"},
				"west": {"uv": [8.5, 2, 9, 3], "texture": "#2"},
				"up": {"uv": [3.5, 9, 2.5, 8.5], "texture": "#2"},
				"down": {"uv": [9.5, 3, 8.5, 3.5], "texture": "#2"}
			}
		},
		{
			"from": [7, 6, 8],
			"to": [9, 8, 9],
			"faces": {
				"north": {"uv": [0, 6.5, 1, 7.5], "texture": "#2"},
				"east": {"uv": [3.5, 8.5, 4, 9.5], "texture": "#2"},
				"south": {"uv": [6.5, 0, 7.5, 1], "texture": "#2"},
				"west": {"uv": [4, 8.5, 4.5, 9.5], "texture": "#2"},
				"up": {"uv": [5.5, 9, 4.5, 8.5], "texture": "#2"},
				"down": {"uv": [6.5, 8.5, 5.5, 9], "texture": "#2"}
			}
		},
		{
			"from": [4, 3, 8],
			"to": [6, 5, 9],
			"faces": {
				"north": {"uv": [1, 6.5, 2, 7.5], "texture": "#2"},
				"east": {"uv": [8.5, 6, 9, 7], "texture": "#2"},
				"south": {"uv": [6.5, 1, 7.5, 2], "texture": "#2"},
				"west": {"uv": [6.5, 8.5, 7, 9.5], "texture": "#2"},
				"up": {"uv": [8.5, 9, 7.5, 8.5], "texture": "#2"},
				"down": {"uv": [9.5, 8, 8.5, 8.5], "texture": "#2"}
			}
		},
		{
			"from": [8, 7, 8],
			"to": [10, 9, 9],
			"faces": {
				"north": {"uv": [5, 6.5, 6, 7.5], "texture": "#2"},
				"east": {"uv": [8.5, 8.5, 9, 9.5], "texture": "#2"},
				"south": {"uv": [6, 6.5, 7, 7.5], "texture": "#2"},
				"west": {"uv": [9, 0, 9.5, 1], "texture": "#2"},
				"up": {"uv": [2, 9.5, 1, 9], "texture": "#2"},
				"down": {"uv": [10, 1, 9, 1.5], "texture": "#2"}
			}
		},
		{
			"from": [6, 5, 8],
			"to": [8, 7, 9],
			"faces": {
				"north": {"uv": [7, 3.5, 8, 4.5], "texture": "#2"},
				"east": {"uv": [9, 1.5, 9.5, 2.5], "texture": "#2"},
				"south": {"uv": [7, 4.5, 8, 5.5], "texture": "#2"},
				"west": {"uv": [2, 9, 2.5, 10], "texture": "#2"},
				"up": {"uv": [3.5, 9.5, 2.5, 9], "texture": "#2"},
				"down": {"uv": [10, 2.5, 9, 3], "texture": "#2"}
			}
		},
		{
			"from": [9, 8, 8],
			"to": [11, 10, 9],
			"faces": {
				"north": {"uv": [7, 5.5, 8, 6.5], "texture": "#2"},
				"east": {"uv": [9, 3.5, 9.5, 4.5], "texture": "#2"},
				"south": {"uv": [7, 6.5, 8, 7.5], "texture": "#2"},
				"west": {"uv": [4.5, 9, 5, 10], "texture": "#2"},
				"up": {"uv": [10, 5, 9, 4.5], "texture": "#2"},
				"down": {"uv": [6, 9, 5, 9.5], "texture": "#2"}
			}
		},
		{
			"from": [12, 11, 8],
			"to": [14, 13, 9],
			"faces": {
				"north": {"uv": [0, 7.5, 1, 8.5], "texture": "#2"},
				"east": {"uv": [9, 5, 9.5, 6], "texture": "#2"},
				"south": {"uv": [7.5, 0, 8.5, 1], "texture": "#2"},
				"west": {"uv": [6, 9, 6.5, 10], "texture": "#2"},
				"up": {"uv": [10, 6.5, 9, 6], "texture": "#2"},
				"down": {"uv": [10, 6.5, 9, 7], "texture": "#2"}
			}
		},
		{
			"from": [11, 9, 8],
			"to": [12, 10, 9],
			"faces": {
				"north": {"uv": [6.5, 11, 7, 11.5], "texture": "#2"},
				"east": {"uv": [11, 6.5, 11.5, 7], "texture": "#2"},
				"south": {"uv": [7, 11, 7.5, 11.5], "texture": "#2"},
				"west": {"uv": [11, 7, 11.5, 7.5], "texture": "#2"},
				"up": {"uv": [8, 11.5, 7.5, 11], "texture": "#2"},
				"down": {"uv": [11.5, 7.5, 11, 8], "texture": "#2"}
			}
		},
		{
			"from": [5, 12, 8],
			"to": [6, 13, 9],
			"faces": {
				"north": {"uv": [8, 11, 8.5, 11.5], "texture": "#2"},
				"east": {"uv": [11, 8, 11.5, 8.5], "texture": "#2"},
				"south": {"uv": [8.5, 11, 9, 11.5], "texture": "#2"},
				"west": {"uv": [11, 8.5, 11.5, 9], "texture": "#2"},
				"up": {"uv": [9.5, 11.5, 9, 11], "texture": "#2"},
				"down": {"uv": [11.5, 9, 11, 9.5], "texture": "#2"}
			}
		},
		{
			"from": [13, 4, 8],
			"to": [14, 5, 9],
			"faces": {
				"north": {"uv": [9.5, 11, 10, 11.5], "texture": "#2"},
				"east": {"uv": [11, 9.5, 11.5, 10], "texture": "#2"},
				"south": {"uv": [10, 11, 10.5, 11.5], "texture": "#2"},
				"west": {"uv": [11, 10, 11.5, 10.5], "texture": "#2"},
				"up": {"uv": [11, 11.5, 10.5, 11], "texture": "#2"},
				"down": {"uv": [11.5, 10.5, 11, 11], "texture": "#2"}
			}
		},
		{
			"from": [12, 5, 8],
			"to": [15, 10, 9],
			"faces": {
				"north": {"uv": [0, 0, 1.5, 2.5], "texture": "#2"},
				"east": {"uv": [3.5, 5, 4, 7.5], "texture": "#2"},
				"south": {"uv": [1.5, 0, 3, 2.5], "texture": "#2"},
				"west": {"uv": [4, 5, 4.5, 7.5], "texture": "#2"},
				"up": {"uv": [6.5, 4, 5, 3.5], "texture": "#2"},
				"down": {"uv": [7, 2, 5.5, 2.5], "texture": "#2"}
			}
		},
		{
			"from": [11, 11, 8],
			"to": [12, 13, 9],
			"faces": {
				"north": {"uv": [7, 9, 7.5, 10], "texture": "#2"},
				"east": {"uv": [9, 7, 9.5, 8], "texture": "#2"},
				"south": {"uv": [7.5, 9, 8, 10], "texture": "#2"},
				"west": {"uv": [8, 9, 8.5, 10], "texture": "#2"},
				"up": {"uv": [11.5, 11.5, 11, 11], "texture": "#2"},
				"down": {"uv": [0.5, 11.5, 0, 12], "texture": "#2"}
			}
		},
		{
			"from": [6, 11, 8],
			"to": [11, 14, 9],
			"faces": {
				"north": {"uv": [0, 2.5, 2.5, 4], "texture": "#2"},
				"east": {"uv": [4.5, 7, 5, 8.5], "texture": "#2"},
				"south": {"uv": [2.5, 2.5, 5, 4], "texture": "#2"},
				"west": {"uv": [1, 7.5, 1.5, 9], "texture": "#2"},
				"up": {"uv": [7.5, 3, 5, 2.5], "texture": "#2"},
				"down": {"uv": [7.5, 3, 5, 3.5], "texture": "#2"}
			}
		},
		{
			"from": [11, 10, 8],
			"to": [14, 11, 9],
			"faces": {
				"north": {"uv": [7, 2, 8.5, 2.5], "texture": "#2"},
				"east": {"uv": [11.5, 0, 12, 0.5], "texture": "#2"},
				"south": {"uv": [7.5, 1, 9, 1.5], "texture": "#2"},
				"west": {"uv": [0.5, 11.5, 1, 12], "texture": "#2"},
				"up": {"uv": [3, 8, 1.5, 7.5], "texture": "#2"},
				"down": {"uv": [9, 1.5, 7.5, 2], "texture": "#2"}
			}
		}
	],
	"groups": [
		{
			"name": "iron_pickaxe",
			"origin": [8, 8, 8],
			"color": 0,
			"children": [
				{
					"name": "3D",
					"origin": [0, 0, 0],
					"color": 0,
					"children": [0, 1, 2, 3, 4, 5, 6, 7, 8, 9, 10, 11, 12, 13, 14, 15, 16, 17, 18, 19, 20, 21, 22, 23, 24, 25, 26, 27]
				},
				{
					"name": "handle",
					"origin": [0, 0, 0],
					"color": 0,
					"children": [28, 29, 30, 31, 32, 33, 34, 35, 36, 37, 38]
				},
				{
					"name": "tool",
					"origin": [0, 0, 0],
					"color": 0,
					"children": [39, 40, 41, 42, 43, 44]
				}
			]
		}
	]
}